{"mean_r2": 0.7728850440653854, "std_r2": 0.04265422925546955, "_timestamp": 1723634250.8113751, "_runtime": 3240.229082107544, "_step": 0}